{
	"hidden":true,
  "type": "origins:burn",
  "interval": 20,
  "burn_duration": 6,
  "condition": {
    "type": "origins:and",
    "conditions": [
      {
        "type": "origins:in_rain"
      },
      {
        "type": "origins:invisible",
        "inverted": true
      },
      {
        "type": "origins:equipped_item",
        "equipment_slot": "head",
        "item_condition": {
            "type": "origins:ingredient",
            "ingredient": {
                "item": "minecraft:leather_helmet"
            }
        },
        "inverted": true
      },
      {
        "type": "origins:equipped_item",
        "equipment_slot": "head",
        "item_condition": {
            "type": "origins:ingredient",
            "ingredient": {
                "item": "minecraft:golden_helmet"
            }
        },
        "inverted": true
      },
      {
        "type": "origins:equipped_item",
        "equipment_slot": "head",
        "item_condition": {
            "type": "origins:ingredient",
            "ingredient": {
                "item": "minecraft:iron_helmet"
            }
        },
        "inverted": true
      },
      {
        "type": "origins:equipped_item",
        "equipment_slot": "head",
        "item_condition": {
            "type": "origins:ingredient",
            "ingredient": {
                "item": "minecraft:diamond_helmet"
            }
        },
        "inverted": true
      },
      {
        "type": "origins:equipped_item",
        "equipment_slot": "head",
        "item_condition": {
            "type": "origins:ingredient",
            "ingredient": {
                "item": "minecraft:netherite_helmet"
            }
        },
        "inverted": true
      },
      {
        "type": "origins:equipped_item",
        "equipment_slot": "head",
        "item_condition": {
            "type": "origins:ingredient",
            "ingredient": {
                "item": "minecraft:turtle_helmet"
            }
        },
        "inverted": true
      }
    ]
  }
}