{
	"hidden":true,
	"type": "origins:self_action_on_hit",
	"entity_action": {
        "type": "origins:if_else_list",
		"actions": [
				{
					"condition": {
						"type": "origins:resource",
						"resource": "koffe:tp_resources",
						"comparison": "==",
						"compare_to": 3
					},
					"action":{
						"type": "origins:change_resource",
								"resource": "koffe:tp_resources",
								"change": -2
					}
				},
				{
					"condition": {
						"type": "origins:resource",
						"resource": "koffe:tp_resources",
						"comparison": "==",
						"compare_to": 1
					},
					"action":{
						"type": "origins:change_resource",
								"resource": "koffe:tp_resources",
								"change": 1
					}
				},
				{
					"condition": {
						"type": "origins:resource",
						"resource": "koffe:tp_resources",
						"comparison": "==",
						"compare_to": 2
					},
					"action":{
						"type": "origins:change_resource",
								"resource": "koffe:tp_resources",
								"change": 1
					}
				}
				
			]
		},
    "cooldown": 2,
      "hud_render": {
        "sprite_location": "origins:textures/gui/community/spiderkolo/resource_bar_03.png",
        "bar_index": 5
      }
}