{
    "type": "origins:self_action_on_hit",
    "entity_action": {
		"type": "origins:execute_command",
		"command": "tp @s ^-2 ^1 ^2 ~-75 ~0"
	},
	"cooldown": 10,
	"condition": {
		"type": "origins:and",
		"conditions": [
			{
			"type": "origins:resource",
			"resource": "koffe:tp_resources",
			"comparison": "<",
			"compare_to": 3
			},
			{
			"type": "origins:sprinting"
			}
		]

	},
	"name": "Rift Combat",
	"description": "[Passive] You have managed to adapt your teleportations to fight better. Attacking while sprinting will give you the ability to teleport around the entity you attacked"
}
