{
    "type": "origins:active_self",
    "name": "Relocation",
    "description": "[Secondary] You can create a rift that will teleport you 10 blocks infront of you.",
    "entity_action": {
        "type": "origins:and",
        "actions": [
		    {
                "type": "origins:apply_effect",
                "effect": {
                    "effect": "minecraft:resistance",
                    "duration": 40,
                    "amplifier": 50,
                    "show_icon": false,
                    "show_particles": false
                }
            },
			{
                "type": "origins:execute_command",
                "permission_level": 4,
                "command": "particle minecraft:portal ~ ~ ~ 0 0 0 1 100"
            },
            {

                "type": "origins:execute_command",
                "permission_level": 4,
                "command": "tp @s ^ ^1 ^10"
            },
            {
                "type": "origins:play_sound",
                "sound": "minecraft:block.beacon.power_select"
            }
        ]
    },
    "cooldown": 300,
    "key": {
        "key": "key.origins.secondary_active"
    },
    "hud_render": {
        "should_render": true,
        "sprite_location": "origins:textures/gui/resource_bar.png",
        "bar_index": 3
    }
}
