{
	"powers": [
"koffe:particles",
"koffe:shake",
"koffe:warp",
"koffe:teleport",
"koffe:inventory",
"koffe:persuit",
"koffe:dodge",
"koffe:riftcombat",
"koffe:broken_life",
"koffe:no_shield",
"koffe:hungry",
"koffe:aquaphobia",
"koffe:flammable",
"koffe:soundstop",
"koffe:lavav",
"koffe:armor",
"koffe:inwall",
"koffe:fall",
"koffe:rain",
"koffe:rc",
"koffe:rcc",
"koffe:rccc",
"koffe:tp_resources"
	],
	"icon": "minecraft:cyan_glazed_terracotta",
	"order": 1,
	"impact": 3,
	"name": "Riftborn",
	"description": "Born in the deeps of the void has teached you how to manipulate space."

}
